<?xml version="1.0" encoding="UTF-8"?>
<root>
  <item name="com.baseflow.permissionhandler.PermissionHandlerPlugin int checkPermissionStatus(int)">
    <annotation name="androidx.annotation.IntDef">
      <val name="value" val="{com.baseflow.permissionhandler.PermissionHandlerPlugin.PERMISSION_STATUS_DENIED, com.baseflow.permissionhandler.PermissionHandlerPlugin.PERMISSION_STATUS_DISABLED, com.baseflow.permissionhandler.PermissionHandlerPlugin.PERMISSION_STATUS_GRANTED, com.baseflow.permissionhandler.PermissionHandlerPlugin.PERMISSION_STATUS_RESTRICTED, com.baseflow.permissionhandler.PermissionHandlerPlugin.PERMISSION_STATUS_UNKNOWN}" />
    </annotation>
  </item>
  <item name="com.baseflow.permissionhandler.PermissionHandlerPlugin int checkPermissionStatus(int) 0">
    <annotation name="androidx.annotation.IntDef">
      <val name="value" val="{com.baseflow.permissionhandler.PermissionHandlerPlugin.PERMISSION_GROUP_CALENDAR, com.baseflow.permissionhandler.PermissionHandlerPlugin.PERMISSION_GROUP_CAMERA, com.baseflow.permissionhandler.PermissionHandlerPlugin.PERMISSION_GROUP_CONTACTS, com.baseflow.permissionhandler.PermissionHandlerPlugin.PERMISSION_GROUP_LOCATION, com.baseflow.permissionhandler.PermissionHandlerPlugin.PERMISSION_GROUP_LOCATION_ALWAYS, com.baseflow.permissionhandler.PermissionHandlerPlugin.PERMISSION_GROUP_LOCATION_WHEN_IN_USE, com.baseflow.permissionhandler.PermissionHandlerPlugin.PERMISSION_GROUP_MEDIA_LIBRARY, com.baseflow.permissionhandler.PermissionHandlerPlugin.PERMISSION_GROUP_MICROPHONE, com.baseflow.permissionhandler.PermissionHandlerPlugin.PERMISSION_GROUP_PHONE, com.baseflow.permissionhandler.PermissionHandlerPlugin.PERMISSION_GROUP_PHOTOS, com.baseflow.permissionhandler.PermissionHandlerPlugin.PERMISSION_GROUP_REMINDERS, com.baseflow.permissionhandler.PermissionHandlerPlugin.PERMISSION_GROUP_SENSORS, com.baseflow.permissionhandler.PermissionHandlerPlugin.PERMISSION_GROUP_SMS, com.baseflow.permissionhandler.PermissionHandlerPlugin.PERMISSION_GROUP_SPEECH, com.baseflow.permissionhandler.PermissionHandlerPlugin.PERMISSION_GROUP_STORAGE, com.baseflow.permissionhandler.PermissionHandlerPlugin.PERMISSION_GROUP_UNKNOWN}" />
    </annotation>
  </item>
  <item name="com.baseflow.permissionhandler.PermissionHandlerPlugin int checkServiceStatus(int)">
    <annotation name="androidx.annotation.IntDef">
      <val name="value" val="{com.baseflow.permissionhandler.PermissionHandlerPlugin.SERVICE_STATUS_DISABLED, com.baseflow.permissionhandler.PermissionHandlerPlugin.SERVICE_STATUS_ENABLED, com.baseflow.permissionhandler.PermissionHandlerPlugin.SERVICE_STATUS_NOT_APPLICABLE, com.baseflow.permissionhandler.PermissionHandlerPlugin.SERVICE_STATUS_UNKNOWN}" />
    </annotation>
  </item>
  <item name="com.baseflow.permissionhandler.PermissionHandlerPlugin int parseManifestName(java.lang.String)">
    <annotation name="androidx.annotation.IntDef">
      <val name="value" val="{com.baseflow.permissionhandler.PermissionHandlerPlugin.PERMISSION_GROUP_CALENDAR, com.baseflow.permissionhandler.PermissionHandlerPlugin.PERMISSION_GROUP_CAMERA, com.baseflow.permissionhandler.PermissionHandlerPlugin.PERMISSION_GROUP_CONTACTS, com.baseflow.permissionhandler.PermissionHandlerPlugin.PERMISSION_GROUP_LOCATION, com.baseflow.permissionhandler.PermissionHandlerPlugin.PERMISSION_GROUP_LOCATION_ALWAYS, com.baseflow.permissionhandler.PermissionHandlerPlugin.PERMISSION_GROUP_LOCATION_WHEN_IN_USE, com.baseflow.permissionhandler.PermissionHandlerPlugin.PERMISSION_GROUP_MEDIA_LIBRARY, com.baseflow.permissionhandler.PermissionHandlerPlugin.PERMISSION_GROUP_MICROPHONE, com.baseflow.permissionhandler.PermissionHandlerPlugin.PERMISSION_GROUP_PHONE, com.baseflow.permissionhandler.PermissionHandlerPlugin.PERMISSION_GROUP_PHOTOS, com.baseflow.permissionhandler.PermissionHandlerPlugin.PERMISSION_GROUP_REMINDERS, com.baseflow.permissionhandler.PermissionHandlerPlugin.PERMISSION_GROUP_SENSORS, com.baseflow.permissionhandler.PermissionHandlerPlugin.PERMISSION_GROUP_SMS, com.baseflow.permissionhandler.PermissionHandlerPlugin.PERMISSION_GROUP_SPEECH, com.baseflow.permissionhandler.PermissionHandlerPlugin.PERMISSION_GROUP_STORAGE, com.baseflow.permissionhandler.PermissionHandlerPlugin.PERMISSION_GROUP_UNKNOWN}" />
    </annotation>
  </item>
  <item name="com.baseflow.permissionhandler.PermissionHandlerPlugin int toPermissionStatus(int)">
    <annotation name="androidx.annotation.IntDef">
      <val name="value" val="{com.baseflow.permissionhandler.PermissionHandlerPlugin.PERMISSION_STATUS_DENIED, com.baseflow.permissionhandler.PermissionHandlerPlugin.PERMISSION_STATUS_DISABLED, com.baseflow.permissionhandler.PermissionHandlerPlugin.PERMISSION_STATUS_GRANTED, com.baseflow.permissionhandler.PermissionHandlerPlugin.PERMISSION_STATUS_RESTRICTED, com.baseflow.permissionhandler.PermissionHandlerPlugin.PERMISSION_STATUS_UNKNOWN}" />
    </annotation>
  </item>
  <item name="com.baseflow.permissionhandler.PermissionHandlerPlugin java.util.List&lt;java.lang.String&gt; getManifestNames(int) 0">
    <annotation name="androidx.annotation.IntDef">
      <val name="value" val="{com.baseflow.permissionhandler.PermissionHandlerPlugin.PERMISSION_GROUP_CALENDAR, com.baseflow.permissionhandler.PermissionHandlerPlugin.PERMISSION_GROUP_CAMERA, com.baseflow.permissionhandler.PermissionHandlerPlugin.PERMISSION_GROUP_CONTACTS, com.baseflow.permissionhandler.PermissionHandlerPlugin.PERMISSION_GROUP_LOCATION, com.baseflow.permissionhandler.PermissionHandlerPlugin.PERMISSION_GROUP_LOCATION_ALWAYS, com.baseflow.permissionhandler.PermissionHandlerPlugin.PERMISSION_GROUP_LOCATION_WHEN_IN_USE, com.baseflow.permissionhandler.PermissionHandlerPlugin.PERMISSION_GROUP_MEDIA_LIBRARY, com.baseflow.permissionhandler.PermissionHandlerPlugin.PERMISSION_GROUP_MICROPHONE, com.baseflow.permissionhandler.PermissionHandlerPlugin.PERMISSION_GROUP_PHONE, com.baseflow.permissionhandler.PermissionHandlerPlugin.PERMISSION_GROUP_PHOTOS, com.baseflow.permissionhandler.PermissionHandlerPlugin.PERMISSION_GROUP_REMINDERS, com.baseflow.permissionhandler.PermissionHandlerPlugin.PERMISSION_GROUP_SENSORS, com.baseflow.permissionhandler.PermissionHandlerPlugin.PERMISSION_GROUP_SMS, com.baseflow.permissionhandler.PermissionHandlerPlugin.PERMISSION_GROUP_SPEECH, com.baseflow.permissionhandler.PermissionHandlerPlugin.PERMISSION_GROUP_STORAGE, com.baseflow.permissionhandler.PermissionHandlerPlugin.PERMISSION_GROUP_UNKNOWN}" />
    </annotation>
  </item>
</root>

